{"cameraMode":{"drawMode":0,"name":"Shaded","section":"Shading Mode"},"sceneLighting":false,"audioPlay":false,"sceneViewState":{"m_AlwaysRefresh":false,"showFog":true,"showSkybox":false,"showFlares":true,"showImageEffects":true,"showParticleSystems":true,"showVisualEffectGraphs":true,"m_FxEnabled":true},"in2DMode":false,"pivot":{"x":-0.07841300964355469,"y":0.6182911396026611,"z":3.3405747413635256},"rotation":{"x":-0.17273278534412385,"y":0.7705636620521545,"z":-0.23483116924762727,"w":-0.5668015480041504},"size":1.7660253047943116,"orthographic":false}